Project;CommitID;Developer;Title;Summary;IssueKey;IssueType;CreatedDate;ResolvedDate;PatternChanges;Column1;Column2;Column3
MINA;d79b207fbdbf9e5fd3c89dacca808e240ba4f585;Trustin Lee;[DIRMINA-471] Reduce SSL buffers overhead;Reduce SSL buffers overhead;DIRMINA-471;Improvement;Wed- 7 Nov 2007 18:37:00 +0000;Tue- 13 Nov 2007 03:40:04 +0000;2 instances of the Adapter Pattern were REMOVED;1 instances of the Facade Pattern were REMOVED;1 instances of the Flyweight Pattern were REMOVED;
MINA;f58daada3640d0d8caa143fb516e4976e421f8a2;Trustin Lee;[DIRMINA-449] Improve current JMX integration code using new statistical properties.;Improve current JMX integration code using new statistical properties.;DIRMINA-449;Task;Sun- 30 Sep 2007 12:12:08 +0000;Wed- 14 Nov 2007 06:47:09 +0000;2 instances of the Facade Pattern were REMOVED;1 instances of the Flyweight Pattern were REMOVED;;
MINA;2f8af59602e5ca5185c7f580b9ddff28a89de247;Trustin Lee;[DIRMINA-481] ByteBuffer.get/putObject() cannot handler pritimive classes.;ByteBuffer.get/putObject() cannot handler pritimive classes.;DIRMINA-481;Bug;Fri- 16 Nov 2007 01:29:41 +0000;Fri- 16 Nov 2007 01:32:16 +0000;2 instances of the Facade Pattern were REMOVED;1 instances of the Flyweight Pattern were REMOVED;;
MINA;31b6a0d174bfd82406b9706789ae9d00d8a3f737;Maarten Bosteels;[DIRMINA-510] Spring version of chat example breaks;Spring version of chat example breaks;DIRMINA-510;Bug;Thu- 10 Jan 2008 21:36:34 +0000;Fri- 11 Jan 2008 22:42:31 +0000;1 instances of the Proxy Pattern were REMOVED;1 instances of the Strategy Pattern were REMOVED;;
MINA;ec14b595de20c1e01adf627a15b5c14d7ae54fa2;Maarten Bosteels;[DIRMINA-513] get rid of IoSessionLogger ;get rid of IoSessionLogger ;DIRMINA-513;Improvement;Tue- 15 Jan 2008 08:30:16 +0000;Mon- 11 Feb 2008 21:39:20 +0000;2 instances of the Bridge Pattern were REMOVED;3 instances of the Facade Pattern were REMOVED;1 instances of the Proxy Pattern were ADDED;1 instances of the Strategy Pattern were REMOVED
MINA;48366b31f2064777702e261aef79244d62bb8903;Maarten Bosteels;[DIRMINA-513] get rid of IoSessionLogger ;get rid of IoSessionLogger ;DIRMINA-513;Improvement;Tue- 15 Jan 2008 08:30:16 +0000;Mon- 11 Feb 2008 21:39:20 +0000;2 instances of the Bridge Pattern were ADDED;3 instances of the Facade Pattern were ADDED;1 instances of the Strategy Pattern were ADDED;
MINA;c3a0c7444dc12a1ae6c0d8099d564538a773c892;Mike Heath;[DIRMINA-525] AbstractIoSession.increaseWrittenBytesAndMessages does not update writtenBytes for FileRegion;AbstractIoSession.increaseWrittenBytesAndMessages does not update writtenBytes for FileRegion;DIRMINA-525;Bug;Fri- 1 Feb 2008 21:29:59 +0000;Thu- 14 Feb 2008 17:17:54 +0000;2 instances of the Bridge Pattern were ADDED;3 instances of the Facade Pattern were ADDED;1 instances of the Strategy Pattern were ADDED;
MINA;f4078e0a76014564f3daa69c0b1a975942ed16a0;Trustin Lee;[DIRMINA-530] Compression filter - trivial bug fix and fix for use with SSL;Compression filter - trivial bug fix and fix for use with SSL;DIRMINA-530;Bug;Wed- 13 Feb 2008 23:00:47 +0000;Wed- 20 Feb 2008 03:16:57 +0000;2 instances of the Bridge Pattern were REMOVED;3 instances of the Facade Pattern were REMOVED;1 instances of the Proxy Pattern were REMOVED;1 instances of the Strategy Pattern were REMOVED
MINA;1d82343383f157b3c91e1a96b1fb0e51ad2cef60;Trustin Lee;[DIRMINA-522] Remove unused code in RequestResponseFilter;Remove unused code in RequestResponseFilter;DIRMINA-522;Bug;Tue- 29 Jan 2008 01:08:50 +0000;Wed- 20 Feb 2008 03:37:34 +0000;2 instances of the Bridge Pattern were ADDED;3 instances of the Facade Pattern were ADDED;1 instances of the Strategy Pattern were ADDED;
MINA;02e2624c0adb669647525fab51d13d88b39221be;Mark Webb;[DIRMINA-527] should be able to set connect timeout in milliseconds;should be able to set connect timeout in milliseconds;DIRMINA-527;Improvement;Tue- 5 Feb 2008 19:46:11 +0000;Tue- 11 Mar 2008 02:29:57 +0000;1 instances of the Proxy Pattern were REMOVED;;;
MINA;6ac1e8b309fe3044f71197c58a0f09e07079fb01;Trustin Lee;[DIRMINA-542] ArrayIndexOutOfBoundsException in CircularQueue.shrinkIfNeeded();ArrayIndexOutOfBoundsException in CircularQueue.shrinkIfNeeded();DIRMINA-542;Bug;Mon- 10 Mar 2008 06:32:12 +0000;Mon- 10 Mar 2008 06:33:35 +0000;2 instances of the Facade Pattern were REMOVED;;;
MINA;c0347ddda617cc001368fc7cd21792f49f49ef59;Trustin Lee;[DIRMINA-543] Incorrect sessionCreated event order in VmPipe transport;Incorrect sessionCreated event order in VmPipe transport;DIRMINA-543;Bug;Mon- 10 Mar 2008 07:47:09 +0000;Mon- 10 Mar 2008 09:04:10 +0000;2 instances of the Bridge Pattern were ADDED;3 instances of the Facade Pattern were ADDED;1 instances of the Strategy Pattern were ADDED;
MINA;73cc4a1404c9e295c849f5c921c849d387dd0ae2;Trustin Lee;[DIRMINA-547] Reduce unnecessary thread creation and destruction caused by IdleStatusChecker;Reduce unnecessary thread creation and destruction caused by IdleStatusChecker;DIRMINA-547;Improvement;Tue- 11 Mar 2008 14:00:51 +0000;Tue- 11 Mar 2008 14:02:35 +0000;1 instances of the Proxy Pattern were ADDED;;;
MINA;e08265eaa95f9158c007b5db5499c3a93be3d28e;Trustin Lee;[DIRMINA-529] use isPrimitive() instead of comparing the string to a list of primitives;use isPrimitive() instead of comparing the string to a list of primitives;DIRMINA-529;Improvement;Thu- 7 Feb 2008 10:55:20 +0000;Wed- 12 Mar 2008 03:00:53 +0000;1 instances of the Proxy Pattern were REMOVED;;;
MINA;7961a51e78830fcbad9ff2572b7934899b41d2df;Emmanuel Lécharny;[DIRMINA-539] NioDatagramConnector doesn't takes the TrafficClass value set to his DatagramSessionConfig ;NioDatagramConnector doesn't takes the TrafficClass value set to his DatagramSessionConfig ;DIRMINA-539;Bug;Thu- 6 Mar 2008 14:03:22 +0000;Thu- 11 Sep 2014 05:48:07 +0000;2 instances of the Facade Pattern were REMOVED;;;
MINA;acf1d0c5d0651b7810fd9ab5cb6b52112c5077f5;Trustin Lee;[DIRMINA-536] TextLineDecoder throws an IndexOutOfBoundsException;TextLineDecoder throws an IndexOutOfBoundsException;DIRMINA-536;Bug;Mon- 25 Feb 2008 14:49:45 +0000;Wed- 12 Mar 2008 06:54:31 +0000;2 instances of the Bridge Pattern were ADDED;3 instances of the Facade Pattern were ADDED;1 instances of the Proxy Pattern were ADDED;1 instances of the Strategy Pattern were ADDED
MINA;17d271b3f730b303ab1b358c5e56d2d00db43676;Trustin Lee;[DIRMINA-533] NPE in OrderedThreadPoolExecutor and UnorderedThreadPoolExecutor;NPE in OrderedThreadPoolExecutor and UnorderedThreadPoolExecutor;DIRMINA-533;Bug;Wed- 20 Feb 2008 11:43:44 +0000;Wed- 20 Feb 2008 11:45:40 +0000;1 instances of the Facade Pattern were ADDED;;;
MINA;7552914ee19534ce18409bca581723551f6d008e;Trustin Lee;[DIRMINA-548] subclass of CumulativeDecoder throws an UnsupportedOperationException if IoBuffer.slice() is used;subclass of CumulativeDecoder throws an UnsupportedOperationException if IoBuffer.slice() is used;DIRMINA-548;Bug;Tue- 11 Mar 2008 17:00:32 +0000;Mon- 17 Mar 2008 14:50:28 +0000;2 instances of the Bridge Pattern were REMOVED;3 instances of the Facade Pattern were REMOVED;1 instances of the Flyweight Pattern were REMOVED;2 instances of the Strategy Pattern were REMOVED
MINA;e00d1cab66618d4e5cc0148e4e94040643f7f6da;Unassigned;[DIRMINA-556] Allow blocking CIDR subnets in BlacklistFilter;Allow blocking CIDR subnets in BlacklistFilter;DIRMINA-556;Improvement;Wed- 19 Mar 2008 08:37:25 +0000;Tue- 8 Jul 2008 12:35:29 +0000;2 instances of the Bridge Pattern were ADDED;3 instances of the Facade Pattern were ADDED;1 instances of the Flyweight Pattern were ADDED;2 instances of the Strategy Pattern were ADDED
MINA;d36ca5b2e0c65b198272e31972d97a19bce386ff;Peter A Royal Jr.;[DIRMINA-557] Infinite loop if encoding wide UTF-8 characters;Infinite loop if encoding wide UTF-8 characters;DIRMINA-557;Bug;Wed- 19 Mar 2008 18:31:28 +0000;Wed- 19 Mar 2008 18:35:19 +0000;2 instances of the Facade Pattern were ADDED;1 instances of the Proxy Pattern were ADDED;;
MINA;158ea354f481d069fbc253e83d754d4ca39ce85c;Trustin Lee;[DIRMINA-514] Session closing problem on Mac OS X;Session closing problem on Mac OS X;DIRMINA-514;Bug;Wed- 16 Jan 2008 16:24:27 +0000;Fri- 21 Mar 2008 12:13:19 +0000;2 instances of the Facade Pattern were REMOVED;;;
MINA;78db42194ebf4d8952671af1535baf1d31fc04ab;Niklas Therning;[DIRMINA-558] Allow multiple state machines for the same session;Allow multiple state machines for the same session;DIRMINA-558;New Feature;Tue- 25 Mar 2008 22:09:09 +0000;Tue- 25 Mar 2008 22:16:23 +0000;2 instances of the Bridge Pattern were ADDED;5 instances of the Facade Pattern were ADDED;1 instances of the Strategy Pattern were ADDED;
MINA;92d4586b9a99a4d4344fb526ce5f84ab23790b02;Niklas Therning;[DIRMINA-559] State machines for IoFilter cannot be created;State machines for IoFilter cannot be created;DIRMINA-559;Bug;Tue- 25 Mar 2008 22:18:43 +0000;Tue- 25 Mar 2008 22:21:08 +0000;2 instances of the Facade Pattern were REMOVED;1 instances of the Proxy Pattern were REMOVED;;
MINA;dc0a8bfaf6b6e0a986f8d2534ca9cb2b40bee01a;Trustin Lee;[DIRMINA-562] KeepAliveFilter shouldn't forward sessionIdle(READER_IDLE) to the next filter.;KeepAliveFilter shouldn't forward sessionIdle(READER_IDLE) to the next filter.;DIRMINA-562;Bug;Fri- 4 Apr 2008 08:29:57 +0000;Fri- 4 Apr 2008 08:37:43 +0000;2 instances of the Bridge Pattern were REMOVED;3 instances of the Facade Pattern were REMOVED;1 instances of the Strategy Pattern were REMOVED;
MINA;52f5af6d1b4e1ce1b6cb4f6d6d43c2624192dea9;Trustin Lee;[DIRMINA-564] Make KeepAliveFilter to work with other IdleStatuses then READER_IDLE;Make KeepAliveFilter to work with other IdleStatuses then READER_IDLE;DIRMINA-564;Improvement;Fri- 4 Apr 2008 10:37:32 +0000;Wed- 9 Apr 2008 11:22:52 +0000;2 instances of the Bridge Pattern were ADDED;3 instances of the Facade Pattern were ADDED;1 instances of the Strategy Pattern were ADDED;
MINA;6171f20cbe304dd39bee839460531933ada97695;Trustin Lee;[DIRMINA-565] Make LoggingFilter.log() protected;Make LoggingFilter.log() protected;DIRMINA-565;Improvement;Fri- 4 Apr 2008 11:04:50 +0000;Fri- 4 Apr 2008 11:09:11 +0000;2 instances of the Bridge Pattern were REMOVED;3 instances of the Facade Pattern were REMOVED;1 instances of the Proxy Pattern were ADDED;1 instances of the Strategy Pattern were REMOVED
MINA;2dead9ca300eb1776203c64ec29f62288b105ab0;Trustin Lee;[DIRMINA-566] ConnectionThrottleFilter doesn't forward sessionCreated event.;ConnectionThrottleFilter doesn't forward sessionCreated event.;DIRMINA-566;Bug;Mon- 7 Apr 2008 11:08:40 +0000;Mon- 7 Apr 2008 11:10:21 +0000;2 instances of the Bridge Pattern were ADDED;3 instances of the Facade Pattern were ADDED;1 instances of the Proxy Pattern were REMOVED;1 instances of the Strategy Pattern were ADDED
MINA;2eb3067109a5661951862f9ebf199ccec8ed007c;Trustin Lee;[DIRMINA-567] NPE in AbstractIoSession after getWaitingReadFutures;NPE in AbstractIoSession after getWaitingReadFutures;DIRMINA-567;Bug;Mon- 7 Apr 2008 12:55:48 +0000;Tue- 8 Apr 2008 08:51:19 +0000;2 instances of the Bridge Pattern were REMOVED;3 instances of the Facade Pattern were REMOVED;1 instances of the Strategy Pattern were REMOVED;
MINA;6d67f2f6d011b24a9d10d599a5a7c9ff31364b54;Trustin Lee;[DIRMINA-568] Improve KeepAliveFilter to provide customizable timeout handler.;Improve KeepAliveFilter to provide customizable timeout handler.;DIRMINA-568;Improvement;Wed- 9 Apr 2008 11:26:05 +0000;Wed- 9 Apr 2008 11:33:01 +0000;1 instances of the Proxy Pattern were ADDED;;;
MINA;2e6680319c5d55b39eeb7e5790f3807ff719a595;Unassigned;[DIRMINA-571] SocketConnectorTest.testConnectFutureSuccessTiming() fails;SocketConnectorTest.testConnectFutureSuccessTiming() fails;DIRMINA-571;Bug;Thu- 17 Apr 2008 20:00:02 +0000;Thu- 17 Apr 2008 20:02:48 +0000;2 instances of the Bridge Pattern were ADDED;3 instances of the Facade Pattern were ADDED;1 instances of the Proxy Pattern were ADDED;1 instances of the Strategy Pattern were ADDED
MINA;dc5113f84adb899be393ef71f2de00570153a182;Trustin Lee;[DIRMINA-570] NullPointerException in NioProcessor.transferFile;NullPointerException in NioProcessor.transferFile;DIRMINA-570;Bug;Wed- 16 Apr 2008 18:03:05 +0000;Sun- 20 Apr 2008 05:14:51 +0000;2 instances of the Bridge Pattern were REMOVED;3 instances of the Facade Pattern were REMOVED;1 instances of the Proxy Pattern were REMOVED;1 instances of the Strategy Pattern were REMOVED
MINA;5468d2cc684f39aa75349314a315a0b56b4d89da;Trustin Lee;[DIRMINA-583] NioSocketAcceptor.reuseAddress should be false by default.;NioSocketAcceptor.reuseAddress should be false by default.;DIRMINA-583;Bug;Tue- 13 May 2008 03:25:17 +0000;Tue- 13 May 2008 03:27:06 +0000;2 instances of the Facade Pattern were ADDED;1 instances of the Proxy Pattern were REMOVED;;
MINA;749a222b4fa9cbf0783eb084a9de8c36e71dac84;Trustin Lee;[DIRMINA-580] Session Idle times out when SSL is enabled;Session Idle times out when SSL is enabled;DIRMINA-580;Bug;Tue- 6 May 2008 05:46:17 +0000;Wed- 14 May 2008 04:50:59 +0000;2 instances of the Bridge Pattern were ADDED;3 instances of the Facade Pattern were ADDED;1 instances of the Strategy Pattern were ADDED;
MINA;e0316ce98cd7313ca36140e0095d42496a3c469d;Trustin Lee;[DIRMINA-578] in tennis example version 1.1.7 is fine but for version 2.0M1- there's a funny output order (all RCVD first and SENT last). ;in tennis example version 1.1.7 is fine but for version 2.0M1- there's a funny output order (all RCVD first and SENT last). ;DIRMINA-578;Bug;Wed- 30 Apr 2008 09:40:19 +0000;Wed- 14 May 2008 05:29:19 +0000;2 instances of the Bridge Pattern were REMOVED;3 instances of the Facade Pattern were REMOVED;1 instances of the Proxy Pattern were ADDED;1 instances of the Strategy Pattern were REMOVED
MINA;1f9d3261f4aa65f4ce1a0a593f88258c89f98e97;Julien Vermillard;[DIRMINA-584] Using apr-transport crashes jvm on Linux;Using apr-transport crashes jvm on Linux;DIRMINA-584;Bug;Wed- 14 May 2008 00:35:15 +0000;Fri- 6 Jun 2008 08:25:40 +0000;1 instances of the Proxy Pattern were REMOVED;;;
MINA;a7d304efe9fcc10835f35b3e64630f27b89aa7d1;Julien Vermillard;[DIRMINA-579] ConsumeToEndOfSessionDecodingState not finish decode if the buffer is empty;ConsumeToEndOfSessionDecodingState not finish decode if the buffer is empty;DIRMINA-579;Bug;Fri- 2 May 2008 09:46:31 +0000;Mon- 19 May 2008 09:59:05 +0000;2 instances of the Facade Pattern were ADDED;;;
MINA;89734ea88700b181551be5c77de90ee95a016144;Julien Vermillard;[DIRMINA-584] Using apr-transport crashes jvm on Linux;Using apr-transport crashes jvm on Linux;DIRMINA-584;Bug;Wed- 14 May 2008 00:35:15 +0000;Fri- 6 Jun 2008 08:25:40 +0000;2 instances of the Facade Pattern were REMOVED;1 instances of the Proxy Pattern were ADDED;;
MINA;4ceb53d54f5b6c8b0bad594c0e34a89ae76fee2b;Unassigned;[DIRMINA-591] Javadoc & documentation for org/apache/mina/filter/codec/statemachine/;Javadoc & documentation for org/apache/mina/filter/codec/statemachine/;DIRMINA-591;Improvement;Mon- 26 May 2008 15:02:21 +0000;Mon- 9 Jun 2008 08:35:44 +0000;2 instances of the Facade Pattern were ADDED;;;
MINA;f365b75a7dd9abf3fd540d81fec44bec3628d924;Ashish Paliwal;[DIRMINA-594] Javadoc & documentation for APR transport;Javadoc & documentation for APR transport;DIRMINA-594;Improvement;Mon- 26 May 2008 15:46:57 +0000;Mon- 23 Mar 2009 10:41:43 +0000;1 instances of the Proxy Pattern were ADDED;;;
MINA;cdf808eac01e3dd088ee3f3127ed046490c8f3f6;Julien Vermillard;[DIRMINA-600] IoFuture::isReady need to be renamed;IoFuture::isReady need to be renamed;DIRMINA-600;Improvement;Tue- 3 Jun 2008 20:56:18 +0000;Wed- 16 Jul 2008 21:27:02 +0000;1 instances of the Facade Pattern were REMOVED;;;
MINA;7eacbd8c73450ed71ebe9e2b2e793a703a86e7ae;Edouard De Oliveira;[DIRMINA-608] Move stats out of the IoService API;Move stats out of the IoService API;DIRMINA-608;Improvement;Sun- 13 Jul 2008 13:02:32 +0000;Sun- 10 Aug 2008 21:22:33 +0000;1 instances of the Facade Pattern were ADDED;;;
MINA;912385eb3402a82ce69ee2c994e5b11c4ddffca1;Edouard De Oliveira;[DIRMINA-519] BufferingFilter;BufferingFilter;DIRMINA-519;New Feature;Thu- 24 Jan 2008 09:58:30 +0000;Sun- 10 Aug 2008 20:56:25 +0000;1 instances of the Facade Pattern were REMOVED;;;
MINA;7f8f61bc1919f3fceafdcfdc951394d7dbd0632f;Edouard De Oliveira;[DIRMINA-519] BufferingFilter;BufferingFilter;DIRMINA-519;New Feature;Thu- 24 Jan 2008 09:58:30 +0000;Sun- 10 Aug 2008 20:56:25 +0000;1 instances of the Facade Pattern were REMOVED;;;
MINA;1764aaffc322b5286e0e4b4b12eaa4565d0a1341;Edouard De Oliveira;[DIRMINA-587] The proxy sample does not work - results in a NullPointerException;The proxy sample does not work - results in a NullPointerException;DIRMINA-587;Test;Sun- 18 May 2008 19:27:16 +0000;Tue- 22 Jul 2008 06:57:41 +0000;1 instances of the Proxy Pattern were ADDED;;;
MINA;6fea27c98213c50b9a8e379f3b6ecd400b29708f;Edouard De Oliveira;[DIRMINA-394] Port the 'Haiku' example to 1.0 and trunk;Port the 'Haiku' example to 1.0 and trunk;DIRMINA-394;Task;Thu- 5 Jul 2007 07:49:21 +0000;Wed- 23 Jul 2008 20:21:12 +0000;1 instances of the Facade Pattern were ADDED;;;
MINA;c6497062e34aab2d237aab01581f402224c032ca;Sangjin Lee;[DIRMINA-610] ByteBuffer.getString() performance issues;ByteBuffer.getString() performance issues;DIRMINA-610;Bug;Fri- 18 Jul 2008 18:37:33 +0000;Tue- 22 Jul 2008 21:30:28 +0000;1 instances of the Facade Pattern were REMOVED;;;
MINA;aca02e76a44943028e34de49140231846d09c8bc;Edouard De Oliveira;[DIRMINA-608] Move stats out of the IoService API;Move stats out of the IoService API;DIRMINA-608;Improvement;Sun- 13 Jul 2008 13:02:32 +0000;Sun- 10 Aug 2008 21:22:33 +0000;2 instances of the Strategy Pattern were ADDED;;;
MINA;2764c02d518e960bc0eb83cab3c493a088b9ab64;Edouard De Oliveira;[DIRMINA-415] Proxy support;Proxy support;DIRMINA-415;New Feature;Thu- 2 Aug 2007 10:18:20 +0000;Fri- 5 Dec 2008 15:43:33 +0000;2 instances of the Facade Pattern were ADDED;2 instances of the Flyweight Pattern were ADDED;1 instances of the Proxy Pattern were ADDED;2 instances of the Strategy Pattern were ADDED
MINA;0346604944af88b5f97b850e806b497c7ee69690;Edouard De Oliveira;[DIRMINA-616] New release.xml file;New release.xml file;DIRMINA-616;Improvement;Tue- 12 Aug 2008 20:40:13 +0000;Sun- 21 Jun 2009 11:11:35 +0000;1 instances of the Facade Pattern were ADDED;;;
MINA;303df69552b021c6cb7d6f3fb97070808da0be1d;Edouard De Oliveira;[DIRMINA-415] Proxy support;Proxy support;DIRMINA-415;New Feature;Thu- 2 Aug 2007 10:18:20 +0000;Fri- 5 Dec 2008 15:43:33 +0000;1 instances of the Proxy Pattern were REMOVED;;;
MINA;9e0be7afe78aef59689e16521aa0481e8e6b68da;Edouard De Oliveira;[DIRMINA-630] CRLF constants for LineDelimiter;CRLF constants for LineDelimiter;DIRMINA-630;Improvement;Thu- 16 Oct 2008 16:13:30 +0000;Sat- 15 Nov 2008 01:31:08 +0000;1 instances of the Facade Pattern were ADDED;;;
MINA;2b6236119c785258eaf18636a70547d433e899df;Edouard De Oliveira;[DIRMINA-652] Socks5LogicHandler.encodeProxyRequestPacket(final SocksProxyRequest request) should check that the result of request.getEndpointAddress() is resolved before using it ;Socks5LogicHandler.encodeProxyRequestPacket(final SocksProxyRequest request) should check that the result of request.getEndpointAddress() is resolved before using it ;DIRMINA-652;Bug;Mon- 22 Dec 2008 14:46:33 +0000;Wed- 24 Dec 2008 01:29:07 +0000;1 instances of the Facade Pattern were ADDED;;;
MINA;584157b38da8daacb5cb4e3b90ba4477ffe401b3;Emmanuel Lécharny;[DIRMINA-661] DummySession.close(true) not notifying close listener;DummySession.close(true) not notifying close listener;DIRMINA-661;Bug;Fri- 13 Feb 2009 05:06:14 +0000;Fri- 13 Feb 2009 08:12:46 +0000;1 instances of the Facade Pattern were ADDED;1 instances of the Proxy Pattern were ADDED;;
MINA;475c76899ed7752f49be242708d8645338dc549d;Emmanuel Lécharny;[DIRMINA-664] EMPTY_* IoBuffer constants can be made mutable and cause data errors;EMPTY_* IoBuffer constants can be made mutable and cause data errors;DIRMINA-664;Bug;Thu- 26 Feb 2009 17:11:55 +0000;Fri- 27 Feb 2009 13:46:42 +0000;1 instances of the Proxy Pattern were REMOVED;;;
MINA;7d28dfd30055a2e91ab1ce213b8ccec8298d4b2a;Emmanuel Lécharny;[DIRMINA-667] NioDatagramConnector.newHandle leaks DatagramChannels on bind exception;NioDatagramConnector.newHandle leaks DatagramChannels on bind exception;DIRMINA-667;Bug;Sat- 7 Mar 2009 02:42:58 +0000;Sun- 8 Mar 2009 20:19:25 +0000;1 instances of the Facade Pattern were REMOVED;;;
MINA;a85b16cd2e8e64e59225a1b5912f54546bf15963;Julien Vermillard;[DIRMINA-646] More than required data sent on serial port through serial transport;More than required data sent on serial port through serial transport;DIRMINA-646;Bug;Thu- 11 Dec 2008 06:52:53 +0000;Mon- 9 Mar 2009 09:20:30 +0000;2 instances of the Facade Pattern were ADDED;1 instances of the Proxy Pattern were ADDED;;
MINA;7459ac943d73cbe782c7ac1f3acb92ae3f8d50b5;Emmanuel Lécharny;[DIRMINA-675] Duplicate data from decoder;Duplicate data from decoder;DIRMINA-675;Bug;Mon- 16 Mar 2009 15:22:58 +0000;Tue- 17 Mar 2009 10:24:09 +0000;1 instances of the Facade Pattern were REMOVED;;;
MINA;a6298bc6bf530527c8ce5ba3191ea1f35f155e57;Ashish Paliwal;[DIRMINA-676] ObjectMBean throws NullPointerException when accessing non-existing attributes;ObjectMBean throws NullPointerException when accessing non-existing attributes;DIRMINA-676;Bug;Tue- 17 Mar 2009 10:08:57 +0000;Wed- 18 Mar 2009 09:04:47 +0000;1 instances of the Facade Pattern were ADDED;;;
MINA;edeb5f70cfe77c3c4464de16ec9997edfc4cc91a;Emmanuel Lécharny;[DIRMINA-677] AbstractIoSession sometimes throws java.lang.Error in toString();AbstractIoSession sometimes throws java.lang.Error in toString();DIRMINA-677;Bug;Wed- 18 Mar 2009 20:37:55 +0000;Thu- 19 Mar 2009 23:52:00 +0000;1 instances of the Facade Pattern were REMOVED;1 instances of the Proxy Pattern were ADDED;;
MINA;6c7ad9c34415531d6bb1e27ed1b06fe7c93fb4a3;Emmanuel Lécharny;[DIRMINA-672] CumulativeProtocolDecoder/ DemuxingProtocolDecoder;CumulativeProtocolDecoder/ DemuxingProtocolDecoder;DIRMINA-672;Bug;Fri- 13 Mar 2009 18:26:51 +0000;Wed- 6 May 2009 12:14:28 +0000;1 instances of the Facade Pattern were ADDED;1 instances of the Proxy Pattern were REMOVED;;
MINA;d021fc1ef7295af8a5b1a9afb3fc9f5328db53ae;Emmanuel Lécharny;[DIRMINA-687] 2.0.0-M5 REGRESSION: sessionClosed called before doDecode completes;2.0.0-M5 REGRESSION: sessionClosed called before doDecode completes;DIRMINA-687;Bug;Thu- 16 Apr 2009 20:48:40 +0000;Wed- 13 May 2009 23:25:26 +0000;1 instances of the Facade Pattern were ADDED;1 instances of the Proxy Pattern were ADDED;;
MINA;57556bb60c825d27031e01eafa7165012bb3ee65;Emmanuel Lécharny;[DIRMINA-713] IoBufferHexDumper.getHexdump() over-allocates memory;IoBufferHexDumper.getHexdump() over-allocates memory;DIRMINA-713;Bug;Wed- 20 May 2009 14:38:20 +0000;Wed- 20 May 2009 21:05:03 +0000;2 instances of the Facade Pattern were ADDED;1 instances of the Proxy Pattern were ADDED;;
MINA;a154497e76ee2f394bd858bf9cc28745d4c17cee;Maarten Bosteels;[DIRMINA-711] Adding some logs in the chain make the MDCFilter tests to fail;Adding some logs in the chain make the MDCFilter tests to fail;DIRMINA-711;Bug;Mon- 18 May 2009 08:24:39 +0000;Wed- 13 Jan 2010 00:03:03 +0000;1 instances of the Proxy Pattern were REMOVED;;;
MINA;0c1d3018e3450e4a5119e985c1bf98f05bdbcae8;Emmanuel Lécharny;[DIRMINA-717] DefaultIoFuture.awaitUninterrruptibly() doesn't wait!;DefaultIoFuture.awaitUninterrruptibly() doesn't wait!;DIRMINA-717;Bug;Thu- 4 Jun 2009 10:25:24 +0000;Thu- 4 Jun 2009 13:40:38 +0000;1 instances of the Facade Pattern were REMOVED;;;
MINA;5c72e65fa8fc8401b4b23cc9065cfbb919de8c60;Emmanuel Lécharny;[DIRMINA-710] Replace the current @author tags using http://mina.apache.org instead of the ML address;Replace the current @author tags using http://mina.apache.org instead of the ML address;DIRMINA-710;Task;Thu- 14 May 2009 09:06:39 +0000;Wed- 10 Jun 2009 12:53:21 +0000;1 instances of the Proxy Pattern were REMOVED;;;
MINA;ddcbeadcc2693be05203e358d1d737a9ac61f5d0;Edouard De Oliveira;[DIRMINA-709] PENDING session is removed and added endlessly  -- garbage allocation and high CPU usage problem;PENDING session is removed and added endlessly  -- garbage allocation and high CPU usage problem;DIRMINA-709;Bug;Tue- 5 May 2009 11:16:32 +0000;Sun- 14 Jun 2009 20:42:22 +0000;1 instances of the Proxy Pattern were REMOVED;;;
MINA;4e618741ff1ac4a76ce3d713d221dbb9e19532fa;Emmanuel Lécharny;[DIRMINA-718] Sometimes AbstractIoSession.toString() invoked java.net.SocketException;Sometimes AbstractIoSession.toString() invoked java.net.SocketException;DIRMINA-718;Bug;Tue- 16 Jun 2009 05:06:19 +0000;Tue- 16 Jun 2009 07:40:47 +0000;1 instances of the Facade Pattern were ADDED;1 instances of the Proxy Pattern were ADDED;;
MINA;5a2ef13bb1830860d03b6dd802743c9ff395b5b7;Julien Vermillard;[DIRMINA-714] Packet sequence is unordered in multi thread.;Packet sequence is unordered in multi thread.;DIRMINA-714;Bug;Wed- 27 May 2009 08:02:09 +0000;Mon- 12 Oct 2009 10:01:20 +0000;1 instances of the Proxy Pattern were REMOVED;;;
MINA;ec3e0708d91cfd636781d345482be6029dd32be8;Edouard De Oliveira;[DIRMINA-632] WriteFuture.awaitUninterruptibly() or .join() hangs if write() throws Exceptions;WriteFuture.awaitUninterruptibly() or .join() hangs if write() throws Exceptions;DIRMINA-632;Bug;Fri- 24 Oct 2008 06:09:27 +0000;Mon- 22 Jun 2009 17:55:42 +0000;1 instances of the Proxy Pattern were ADDED;;;
MINA;7e4571d5e7ba8d3abe18b171628474ac28509182;Edouard De Oliveira;[DIRMINA-632] WriteFuture.awaitUninterruptibly() or .join() hangs if write() throws Exceptions;WriteFuture.awaitUninterruptibly() or .join() hangs if write() throws Exceptions;DIRMINA-632;Bug;Fri- 24 Oct 2008 06:09:27 +0000;Mon- 22 Jun 2009 17:55:42 +0000;1 instances of the Facade Pattern were REMOVED;;;
MINA;cdd87921050da83acbeb2e3fe5ccd26119e72beb;Edouard De Oliveira;[DIRMINA-612] Add documentation on SingleSessionIohandler;Add documentation on SingleSessionIohandler;DIRMINA-612;Task;Mon- 21 Jul 2008 08:42:19 +0000;Tue- 23 Jun 2009 19:56:55 +0000;1 instances of the Facade Pattern were ADDED;1 instances of the Proxy Pattern were REMOVED;1 instances of the Strategy Pattern were REMOVED;
MINA;c4df7cd835c22ea75e72411c2ea5776bf8d5ae53;Julien Vermillard;[DIRMINA-719] Serial Filter Chain Broken For Outbound Data;Serial Filter Chain Broken For Outbound Data;DIRMINA-719;Bug;Thu- 18 Jun 2009 13:40:30 +0000;Tue- 18 Aug 2009 15:37:44 +0000;1 instances of the Facade Pattern were REMOVED;1 instances of the Proxy Pattern were ADDED;;
MINA;78f3514e9592cf1f8c875b4a9610a5c86eb6d329;Julien Vermillard;[DIRMINA-719] Serial Filter Chain Broken For Outbound Data;Serial Filter Chain Broken For Outbound Data;DIRMINA-719;Bug;Thu- 18 Jun 2009 13:40:30 +0000;Tue- 18 Aug 2009 15:37:44 +0000;1 instances of the Facade Pattern were ADDED;;;
MINA;40e1c38c4d772c62d0b73c26dfabe53a5b10b674;Julien Vermillard;[DIRMINA-651] Data Race in org.apache.mina.core.session.AbstractIoSession;Data Race in org.apache.mina.core.session.AbstractIoSession;DIRMINA-651;Bug;Fri- 19 Dec 2008 12:33:00 +0000;Mon- 24 Aug 2009 14:56:00 +0000;1 instances of the Facade Pattern were REMOVED;1 instances of the Proxy Pattern were REMOVED;;
MINA;5e9c2b3370c1aba21466a274ce1b90d797766db2;Emmanuel Lécharny;[DIRMINA-739] IllegalArgumentException thrown from ErrorGeneratingFilter;IllegalArgumentException thrown from ErrorGeneratingFilter;DIRMINA-739;Bug;Tue- 1 Sep 2009 09:18:28 +0000;Tue- 1 Sep 2009 10:08:56 +0000;1 instances of the Facade Pattern were REMOVED;;;
MINA;b6ee1cbd1442d0fefa6db23e5723d51680322964;Emmanuel Lécharny;[DIRMINA-794] Log4jXmlFormatter is unnecessarily tied to BasicMDCAdapter;Log4jXmlFormatter is unnecessarily tied to BasicMDCAdapter;DIRMINA-794;Improvement;Thu- 9 Sep 2010 23:50:14 +0000;Fri- 10 Sep 2010 11:21:22 +0000;1 instances of the Proxy Pattern were REMOVED;;;
MINA;cceb46d33f5def88a6ac80a98544d34ae781e943;Maarten Bosteels;[DIRMINA-443] SocketConnection cannot be manually closed (for v2.X);SocketConnection cannot be manually closed (for v2.X);DIRMINA-443;Bug;Thu- 20 Sep 2007 14:57:15 +0000;Thu- 27 Sep 2007 14:37:18 +0000;2 instances of the Adapter Pattern were ADDED;1 instances of the Facade Pattern were ADDED;1 instances of the Flyweight Pattern were ADDED;1 instances of the Proxy Pattern were REMOVED
MINA;4d70edfd3d05297e15cd8ff23b02b86b0e31254c;Trustin Lee;[DIRMINA-269] Cancellation operation for ConnectFuture;Cancellation operation for ConnectFuture;DIRMINA-269;New Feature;Wed- 20 Sep 2006 08:58:37 +0000;Fri- 28 Sep 2007 10:54:14 +0000;2 instances of the Adapter Pattern were REMOVED;4 instances of the Facade Pattern were REMOVED;2 instances of the Flyweight Pattern were REMOVED;
MINA;8164cbb110e9ce353e27feeeaa2c0ed4d3ce5859;Maarten Bosteels;[DIRMINA-445] SessionLog improvement;SessionLog improvement;DIRMINA-445;Improvement;Mon- 24 Sep 2007 14:01:15 +0000;Fri- 28 Sep 2007 19:30:51 +0000;2 instances of the Adapter Pattern were ADDED;1 instances of the Facade Pattern were ADDED;1 instances of the Flyweight Pattern were ADDED;
MINA;292365568b54dd4f4f8005ed1ad77ff32ca986bb;Trustin Lee;[DIRMINA-448] Allow Object keys for session attributes.;Allow Object keys for session attributes.;DIRMINA-448;Improvement;Fri- 28 Sep 2007 20:02:15 +0000;Sat- 29 Sep 2007 21:50:36 +0000;3 instances of the Facade Pattern were ADDED;1 instances of the Flyweight Pattern were ADDED;;
MINA;bba4ada3b774421afa0c8b7ccd02c796fa9ab8e2;Trustin Lee;[DIRMINA-367] 1.1 proxy example broken with svn revision: 522721;1.1 proxy example broken with svn revision: 522721;DIRMINA-367;Bug;Tue- 10 Apr 2007 18:52:19 +0000;Sun- 30 Sep 2007 11:47:30 +0000;2 instances of the Adapter Pattern were ADDED;4 instances of the Facade Pattern were ADDED;2 instances of the Flyweight Pattern were ADDED;
MINA;33dab1ed8fb913fbae1f7ca7f8d21b88d51d97ee;Trustin Lee;[DIRMINA-447] Allow adding more than one IoFilters of the same type.;Allow adding more than one IoFilters of the same type.;DIRMINA-447;Improvement;Fri- 28 Sep 2007 19:55:27 +0000;Sun- 30 Sep 2007 18:52:52 +0000;4 instances of the Facade Pattern were REMOVED;2 instances of the Flyweight Pattern were REMOVED;;
MINA;3ea75ee84815bbb6502466b8a5b8386454bf0597;Trustin Lee;[DIRMINA-451] Rename org.apache.mina.common.ByteBuffer to IoBuffer to avoid confusion with NIO ByteBuffer;Rename org.apache.mina.common.ByteBuffer to IoBuffer to avoid confusion with NIO ByteBuffer;DIRMINA-451;Task;Tue- 2 Oct 2007 13:15:35 +0000;Tue- 2 Oct 2007 14:00:07 +0000;1 instances of the Proxy Pattern were ADDED;;;
MINA;462979aeaad341e275badeb836b5059bb5309259;Trustin Lee;[DIRMINA-454] Trivial denial of service in TextLineDecoder;Trivial denial of service in TextLineDecoder;DIRMINA-454;Bug;Sat- 6 Oct 2007 04:52:25 +0000;Tue- 16 Oct 2007 08:16:53 +0000;2 instances of the Adapter Pattern were REMOVED;1 instances of the Facade Pattern were REMOVED;1 instances of the Flyweight Pattern were REMOVED;
MINA;0cc5256c84ed8ee6bafa2f39fda6910434bcc02d;Trustin Lee;[DIRMINA-454] Trivial denial of service in TextLineDecoder;Trivial denial of service in TextLineDecoder;DIRMINA-454;Bug;Sat- 6 Oct 2007 04:52:25 +0000;Tue- 16 Oct 2007 08:16:53 +0000;2 instances of the Adapter Pattern were ADDED;2 instances of the Facade Pattern were REMOVED;;
MINA;7ab63535e0aee74edc3da1aaf62ec58763b657d0;Trustin Lee;[DIRMINA-454] Trivial denial of service in TextLineDecoder;Trivial denial of service in TextLineDecoder;DIRMINA-454;Bug;Sat- 6 Oct 2007 04:52:25 +0000;Tue- 16 Oct 2007 08:16:53 +0000;2 instances of the Adapter Pattern were REMOVED;2 instances of the Facade Pattern were ADDED;;
MINA;ad7024dfde946cca2df52691a84966e1b8582dc5;Trustin Lee;[DIRMINA-452] IdentittyHashMap Iterator has bug in it.;IdentittyHashMap Iterator has bug in it.;DIRMINA-452;Bug;Tue- 2 Oct 2007 15:16:28 +0000;Tue- 16 Oct 2007 08:37:24 +0000;2 instances of the Adapter Pattern were ADDED;1 instances of the Facade Pattern were ADDED;1 instances of the Flyweight Pattern were ADDED;
MINA;0b5e1b05d681da7a141ae336fb5ca757f3fe46ee;Trustin Lee;[DIRMINA-456] Provide mechanism for detecting a dead lock caused by calling IoFuture.await() in an I/O processor thread.;Provide mechanism for detecting a dead lock caused by calling IoFuture.await() in an I/O processor thread.;DIRMINA-456;Improvement;Fri- 12 Oct 2007 19:32:08 +0000;Fri- 19 Oct 2007 05:45:49 +0000;2 instances of the Adapter Pattern were ADDED;4 instances of the Facade Pattern were ADDED;2 instances of the Flyweight Pattern were ADDED;
MINA;86d61335e5872c6639976ad5f60fd14c9e6205d7;Trustin Lee;[DIRMINA-354] Software grant for a KeepAlive functionality;Software grant for a KeepAlive functionality;DIRMINA-354;New Feature;Mon- 26 Feb 2007 14:20:40 +0000;Tue- 23 Oct 2007 02:43:53 +0000;2 instances of the Adapter Pattern were REMOVED;2 instances of the Facade Pattern were ADDED;1 instances of the Flyweight Pattern were ADDED;
MINA;87e11cf504ef244ac808bd82dd493fd979276c19;Trustin Lee;[DIRMINA-462] Thread.setName causes SecurityException in sandbox contexts (such as Applets);Thread.setName causes SecurityException in sandbox contexts (such as Applets);DIRMINA-462;Improvement;Wed- 24 Oct 2007 15:50:26 +0000;Thu- 25 Oct 2007 06:21:10 +0000;2 instances of the Adapter Pattern were REMOVED;1 instances of the Facade Pattern were REMOVED;1 instances of the Flyweight Pattern were REMOVED;1 instances of the Proxy Pattern were ADDED
MINA;e8b5fa0414ecc9873388fee6f7a382574db4fd3b;Trustin Lee;[DIRMINA-432] IoService method for writing Object to all the managed IoSession;IoService method for writing Object to all the managed IoSession;DIRMINA-432;New Feature;Mon- 3 Sep 2007 07:00:49 +0000;Fri- 26 Oct 2007 09:43:17 +0000;2 instances of the Adapter Pattern were ADDED;1 instances of the Facade Pattern were ADDED;;
MINA;6f164b0110dc8d27ee107994131a11f468f05858;Trustin Lee;[DIRMINA-439] DemuxingProtocolEncoder and DemuxingProtocolDecoder by refactoring DemuxingProtocolCodecFactory;DemuxingProtocolEncoder and DemuxingProtocolDecoder by refactoring DemuxingProtocolCodecFactory;DIRMINA-439;New Feature;Mon- 17 Sep 2007 11:59:20 +0000;Tue- 30 Oct 2007 09:56:00 +0000;1 instances of the Bridge Pattern were REMOVED;2 instances of the Facade Pattern were REMOVED;1 instances of the Flyweight Pattern were REMOVED;
MINA;d835a1bc94c4175934dbfc8d1f3c06d2746d91b8;Trustin Lee;[DIRMINA-466] RecoverableProtocolDecoderException for recoverable decoder errors.;RecoverableProtocolDecoderException for recoverable decoder errors.;DIRMINA-466;Improvement;Thu- 1 Nov 2007 13:42:22 +0000;Fri- 2 Nov 2007 01:01:52 +0000;2 instances of the Adapter Pattern were REMOVED;1 instances of the Facade Pattern were REMOVED;1 instances of the Flyweight Pattern were REMOVED;
MINA;7bdc0e26883825ba54337620ae631a276f1b70ba;Trustin Lee;[DIRMINA-249] exceptionCaught() should provide more information;exceptionCaught() should provide more information;DIRMINA-249;Improvement;Thu- 31 Aug 2006 06:20:13 +0000;Fri- 2 Nov 2007 12:00:23 +0000;2 instances of the Adapter Pattern were REMOVED;1 instances of the Facade Pattern were REMOVED;1 instances of the Flyweight Pattern were REMOVED;1 instances of the Proxy Pattern were REMOVED
MINA;695d77e15c13913f7a459c47a64a1a6f2633ab4b;Trustin Lee;[DIRMINA-302] Unbounded nature of writeRequestQueue can cause OutOfMemoryException;Unbounded nature of writeRequestQueue can cause OutOfMemoryException;DIRMINA-302;Bug;Thu- 2 Nov 2006 12:18:02 +0000;Fri- 2 Nov 2007 12:18:50 +0000;2 instances of the Adapter Pattern were ADDED;1 instances of the Facade Pattern were ADDED;1 instances of the Flyweight Pattern were ADDED;
MINA;76239b9fb6c7f3c6c991e8924aa557e705c6ea35;Trustin Lee;[DIRMINA-467] IoFilter has to filter a setTrafficMask call.;IoFilter has to filter a setTrafficMask call.;DIRMINA-467;New Feature;Sun- 4 Nov 2007 11:26:42 +0000;Sun- 4 Nov 2007 12:23:17 +0000;2 instances of the Adapter Pattern were REMOVED;1 instances of the Facade Pattern were REMOVED;1 instances of the Flyweight Pattern were REMOVED;
MINA;24a9599436b016e922f50b02a6d0bd290a9964e7;Trustin Lee;[DIRMINA-144] Traffic shaping filter;Traffic shaping filter;DIRMINA-144;New Feature;Mon- 12 Dec 2005 03:03:09 +0000;Wed- 14 Nov 2007 05:40:06 +0000;2 instances of the Adapter Pattern were ADDED;1 instances of the Facade Pattern were ADDED;1 instances of the Flyweight Pattern were ADDED;
MINA;30a0b5dee0b00b4037b1c95d116f7b45f4af624d;Trustin Lee;[DIRMINA-144] Traffic shaping filter;Traffic shaping filter;DIRMINA-144;New Feature;Mon- 12 Dec 2005 03:03:09 +0000;Wed- 14 Nov 2007 05:40:06 +0000;2 instances of the Adapter Pattern were REMOVED;1 instances of the Facade Pattern were ADDED;1 instances of the Proxy Pattern were ADDED;
MINA;34ddcd4134dba61bdd76b6d6a99c29143b857d54;Trustin Lee;[DIRMINA-469] Write throughput is horribly low.;Write throughput is horribly low.;DIRMINA-469;Bug;Mon- 5 Nov 2007 02:58:51 +0000;Mon- 5 Nov 2007 03:02:38 +0000;2 instances of the Facade Pattern were ADDED;1 instances of the Flyweight Pattern were ADDED;;
MINA;86fa73b781da3fc4240ca40351e0a6801f240a44;Trustin Lee;[DIRMINA-469] Write throughput is horribly low.;Write throughput is horribly low.;DIRMINA-469;Bug;Mon- 5 Nov 2007 02:58:51 +0000;Mon- 5 Nov 2007 03:02:38 +0000;2 instances of the Adapter Pattern were ADDED;1 instances of the Facade Pattern were ADDED;1 instances of the Flyweight Pattern were ADDED;
MINA;7bc5c06a7dbd873d80f3074a05b9fd99d9180c90;Niklas Therning;[DIRMINA-463] Find the best way to specify both MINA and non-MINA events.;Find the best way to specify both MINA and non-MINA events.;DIRMINA-463;Task;Mon- 29 Oct 2007 03:27:45 +0000;Mon- 5 Nov 2007 19:21:12 +0000;2 instances of the Adapter Pattern were REMOVED;1 instances of the Facade Pattern were REMOVED;1 instances of the Flyweight Pattern were REMOVED;
MINA;c004d60944625df21a47cbaab027c3d730eb491f;Trustin Lee;[DIRMINA-428] Message priorities;Message priorities;DIRMINA-428;New Feature;Wed- 29 Aug 2007 03:50:46 +0000;Tue- 6 Nov 2007 06:26:36 +0000;2 instances of the Adapter Pattern were ADDED;3 instances of the Facade Pattern were ADDED;2 instances of the Flyweight Pattern were ADDED;
MINA;fa289f636f85c0f9de72cb35ea511fdf75e73df9;Trustin Lee;[DIRMINA-292] Shared I/O processors.;Shared I/O processors.;DIRMINA-292;New Feature;Thu- 19 Oct 2006 13:48:37 +0000;Thu- 8 Nov 2007 05:33:11 +0000;2 instances of the Adapter Pattern were REMOVED;1 instances of the Facade Pattern were REMOVED;1 instances of the Flyweight Pattern were REMOVED;1 instances of the Proxy Pattern were REMOVED
MINA;710c0b36207a78644e659a28ccb6b1d1db73faa1;Trustin Lee;[DIRMINA-292] Shared I/O processors.;Shared I/O processors.;DIRMINA-292;New Feature;Thu- 19 Oct 2006 13:48:37 +0000;Thu- 8 Nov 2007 05:33:11 +0000;2 instances of the Adapter Pattern were ADDED;1 instances of the Facade Pattern were REMOVED;;
MINA;b0d9c7d8c12884ac005726e6e6edbc6a78d60fad;Trustin Lee;[DIRMINA-341] Allow binding multiple SocketAddresses per IoAcceptor.;Allow binding multiple SocketAddresses per IoAcceptor.;DIRMINA-341;New Feature;Sun- 28 Jan 2007 04:06:54 +0000;Fri- 9 Nov 2007 11:37:00 +0000;2 instances of the Facade Pattern were ADDED;1 instances of the Flyweight Pattern were ADDED;;
MINA;332a365bcad17198d148f1e95e3d1998b6e7f14f;Trustin Lee;[DIRMINA-341] Allow binding multiple SocketAddresses per IoAcceptor.;Allow binding multiple SocketAddresses per IoAcceptor.;DIRMINA-341;New Feature;Sun- 28 Jan 2007 04:06:54 +0000;Fri- 9 Nov 2007 11:37:00 +0000;2 instances of the Facade Pattern were REMOVED;1 instances of the Flyweight Pattern were REMOVED;;
MINA;f2039b34dc7adaf974132707a160b2e9896c0a38;Trustin Lee;[DIRMINA-473] ReadThrottleFilter throws IllegalStateException;ReadThrottleFilter throws IllegalStateException;DIRMINA-473;Bug;Sat- 10 Nov 2007 23:46:03 +0000;Thu- 17 Jul 2008 12:53:29 +0000;2 instances of the Facade Pattern were REMOVED;1 instances of the Flyweight Pattern were REMOVED;;
